-6.070688366889953613e-01,9.795836210250854492e-01,-6.687172502279281616e-02,8.323812484741210938e-01,-5.004573464393615723e-01,6.943914294242858887e-01,6.362757412716746330e-04,-6.916987150907516479e-02,9.998753070831298828e-01,-7.314093112945556641e-01,2.088454961776733398e-01,1.698500961065292358e-01,-8.086175322532653809e-01,1.923790276050567627e-01,9.168910235166549683e-02,9.201019406318664551e-01
-6.031070351600646973e-01,9.867659211158752441e-01,9.027850627899169922e-01,7.460879683494567871e-01,6.129541397094726562e-01,5.525282025337219238e-01,1.661282479763031006e-01,-8.071412444114685059e-01,9.999400377273559570e-01,4.874841868877410889e-01,6.864209771156311035e-01,-6.632052659988403320e-01,4.771944582462310791e-01,1.364644914865493774e-01,-7.080307602882385254e-01,9.754127264022827148e-01
-2.520253062248229980e-01,9.899908900260925293e-01,4.021155238151550293e-01,-2.384156435728073120e-01,-3.810313642024993896e-01,-4.505953788757324219e-01,3.075994849205017090e-01,5.589224696159362793e-01,9.998735785484313965e-01,5.051885247230529785e-01,4.956157803535461426e-01,1.762720048427581787e-01,-4.917861521244049072e-01,3.058767318725585938e-01,4.919318556785583496e-01,9.985793232917785645e-01
-5.028189420700073242e-01,9.914995431900024414e-01,5.712695717811584473e-01,-2.057809084653854370e-01,9.293990135192871094e-01,9.188908338546752930e-01,2.757703326642513275e-02,-3.604006767272949219e-01,9.994238018989562988e-01,-3.459626138210296631e-01,-7.441687583923339844e-01,5.702757835388183594e-01,8.370080590248107910e-01,-8.193223476409912109e-01,-6.697278022766113281e-01,8.528578877449035645e-01
8.417987078428268433e-02,8.221126794815063477e-01,-3.350556194782257080e-01,-4.838295280933380127e-01,5.700901150703430176e-01,-7.536271810531616211e-01,7.662860155105590820e-01,1.403030008077621460e-01,6.997394561767578125e-01,-1.637936234474182129e-01,1.200538575649261475e-01,3.196568489074707031e-01,3.166977167129516602e-01,2.492729574441909790e-01,-4.149077236652374268e-01,9.554722905158996582e-01
-8.686389327049255371e-01,9.612010717391967773e-01,-6.316781044006347656e-01,4.097878187894821167e-02,3.274267911911010742e-01,6.102301478385925293e-01,-1.530513465404510498e-01,-2.132916450500488281e-01,9.996376037597656250e-01,4.478915631771087646e-01,-6.081707477569580078e-01,2.894180119037628174e-01,4.531730338931083679e-02,-6.850894093513488770e-01,7.109081745147705078e-01,7.343494892120361328e-01
-3.793042898178100586e-01,9.230279326438903809e-01,-8.652074933052062988e-01,7.843024283647537231e-02,-5.709036588668823242e-01,-8.150838613510131836e-01,9.130625128746032715e-01,-1.705543398857116699e-01,9.998932480812072754e-01,8.289377093315124512e-01,6.042516231536865234e-01,-2.713606953620910645e-01,-1.717094928026199341e-01,5.857640132308006287e-02,6.125243306159973145e-01,9.952633380889892578e-01
6.611196398735046387e-01,9.955334663391113281e-01,4.900897145271301270e-01,-1.410238295793533325e-01,3.785935342311859131e-01,-2.594822943210601807e-01,5.537748336791992188e-01,-3.589251339435577393e-01,9.982486367225646973e-01,-1.715917736291885376e-01,-3.949866592884063721e-01,1.568389385938644409e-01,8.622533082962036133e-01,8.089731633663177490e-02,-1.215326320379972458e-02,9.813683629035949707e-01
-6.034377217292785645e-01,9.931414723396301270e-01,-5.629043579101562500e-01,-1.423159688711166382e-01,5.899029970169067383e-01,6.579728126525878906e-01,4.064510464668273926e-01,-3.679031133651733398e-01,9.968330860137939453e-01,-9.288887977600097656e-01,-7.296488285064697266e-01,-2.002034783363342285e-01,-5.215941071510314941e-01,-6.048676967620849609e-01,-8.312099575996398926e-01,9.198486208915710449e-01
-3.437366783618927002e-01,9.957312941551208496e-01,4.550042152404785156e-01,-3.181425333023071289e-01,-4.012280106544494629e-01,7.269785404205322266e-01,-4.218386411666870117e-01,-6.833067536354064941e-01,9.999797344207763672e-01,6.437169313430786133e-01,4.645677208900451660e-01,-7.784561514854431152e-01,7.227821350097656250e-01,-6.996854543685913086e-01,6.181787252426147461e-01,9.913146495819091797e-01
-6.325280666351318359e-01,9.226430654525756836e-01,-2.545976042747497559e-01,5.493256449699401855e-01,-1.294196993112564087e-01,5.199739933013916016e-01,5.301582813262939453e-01,-1.599772274494171143e-01,9.938862919807434082e-01,3.061785697937011719e-01,-3.469808995723724365e-01,6.028493642807006836e-01,1.994172483682632446e-01,-1.605583280324935913e-01,-3.589513003826141357e-01,6.682454347610473633e-01
5.199864879250526428e-02,9.750577211380004883e-01,-5.329105854034423828e-01,5.349470376968383789e-01,8.261325955390930176e-01,-7.268343567848205566e-01,8.777197003364562988e-01,5.231115221977233887e-01,9.978320598602294922e-01,5.489739775657653809e-01,-6.604551672935485840e-01,5.365005731582641602e-01,7.984638214111328125e-01,1.517059206962585449e-01,6.014413759112358093e-02,9.389693140983581543e-01
8.975469470024108887e-01,9.831975698471069336e-01,-1.279644668102264404e-01,6.132740974426269531e-01,-4.782401770353317261e-02,3.319284915924072266e-01,8.667222261428833008e-01,-6.123691201210021973e-01,9.999233484268188477e-01,3.942676633596420288e-02,1.105738058686256409e-01,-5.539562702178955078e-01,1.237252876162528992e-01,-8.816812038421630859e-01,3.046018481254577637e-01,9.438453316688537598e-01
-6.161106228828430176e-01,9.941718578338623047e-01,2.776746153831481934e-01,4.330941736698150635e-01,8.684372305870056152e-01,-2.727937139570713043e-02,-4.042800664901733398e-01,-4.589040279388427734e-01,9.983135461807250977e-01,-6.560857295989990234e-01,-7.280210256576538086e-01,-5.079004168510437012e-01,3.485659956932067871e-01,5.918499454855918884e-02,3.201831877231597900e-02,8.245852589607238770e-01
2.981919348239898682e-01,9.677919745445251465e-01,3.403430581092834473e-01,-3.661047816276550293e-01,5.128404498100280762e-01,6.757265329360961914e-02,3.779003918170928955e-01,-4.552659392356872559e-01,9.946274161338806152e-01,-4.010372757911682129e-01,4.813632071018218994e-01,-5.361279249191284180e-01,6.516635417938232422e-01,-6.752063333988189697e-02,-8.227266669273376465e-01,9.860219955444335938e-01
6.723195314407348633e-01,9.861829280853271484e-01,1.468167603015899658e-01,1.672100126743316650e-01,-1.338713020086288452e-01,9.010459184646606445e-01,-2.328818589448928833e-01,2.780295908451080322e-01,9.999571442604064941e-01,-5.293794870376586914e-01,7.211764454841613770e-01,-3.184695541858673096e-01,6.670507043600082397e-02,-6.493710279464721680e-01,7.713117599487304688e-01,9.816940426826477051e-01
9.595230966806411743e-02,9.177043437957763672e-01,2.233898825943470001e-02,9.866373538970947266e-01,6.645233035087585449e-01,-2.087596505880355835e-01,7.437768578529357910e-01,-9.562745690345764160e-02,9.999086260795593262e-01,-1.443962156772613525e-01,7.858815193176269531e-01,-1.014474704861640930e-01,-4.424159228801727295e-01,5.444712042808532715e-01,4.613249599933624268e-01,8.772547245025634766e-01
-2.502011358737945557e-01,9.687938690185546875e-01,2.651805877685546875e-01,6.199923157691955566e-02,2.338213026523590088e-01,7.308861613273620605e-01,4.183335602283477783e-01,-6.480695605278015137e-01,9.999992847442626953e-01,7.011755704879760742e-01,8.318134546279907227e-01,-3.844436705112457275e-01,5.036211013793945312e-01,-6.509507894515991211e-01,7.128937244415283203e-01,9.958438277244567871e-01
-5.043329596519470215e-01,9.987435936927795410e-01,3.825201988220214844e-01,-7.560505270957946777e-01,3.908501267433166504e-01,9.024296402931213379e-01,-3.189497068524360657e-02,-4.976575970649719238e-01,9.997896552085876465e-01,-2.129056155681610107e-01,-7.537634372711181641e-01,8.792736530303955078e-01,6.871776580810546875e-01,-7.698146700859069824e-01,-4.750938117504119873e-01,9.834274649620056152e-01
-3.944363892078399658e-01,9.976336359977722168e-01,4.873969852924346924e-01,9.414736926555633545e-02,-5.946499705314636230e-01,6.479805707931518555e-01,-2.573658227920532227e-01,3.136005699634552002e-01,9.986450672149658203e-01,-1.273685395717620850e-01,-8.852968811988830566e-01,-7.535503506660461426e-01,1.033672168850898743e-01,-4.037808477878570557e-01,-8.578182458877563477e-01,9.445489645004272461e-01
-7.323552966117858887e-01,9.962314367294311523e-01,-8.348638415336608887e-01,3.644325137138366699e-01,-3.182938992977142334e-01,5.835470557212829590e-01,2.383678220212459564e-03,-7.403962612152099609e-01,9.998968839645385742e-01,-5.446412563323974609e-01,-5.550802350044250488e-01,-5.498440936207771301e-02,5.892893075942993164e-01,-1.936557739973068237e-01,3.403530418872833252e-01,9.403784871101379395e-01
1.666277945041656494e-01,9.978885650634765625e-01,4.088028371334075928e-01,-5.791378617286682129e-01,-3.930297493934631348e-01,5.253559947013854980e-01,-4.042383730411529541e-01,-1.708173304796218872e-01,9.999978542327880859e-01,6.274763345718383789e-01,4.500341117382049561e-01,-8.295603394508361816e-01,6.033248901367187500e-01,-5.303370356559753418e-01,5.421741008758544922e-01,9.978563189506530762e-01
-5.786895155906677246e-01,9.912159442901611328e-01,1.263589262962341309e-01,-9.572595953941345215e-01,-1.107704713940620422e-01,-6.218960881233215332e-01,-1.128232404589653015e-01,-7.874467968940734863e-01,9.973676204681396484e-01,3.797505497932434082e-01,-2.253303676843643188e-01,4.114120900630950928e-01,4.818824827671051025e-01,8.033747225999832153e-02,-5.497228503227233887e-01,9.976917505264282227e-01
-3.572684824466705322e-01,9.605194330215454102e-01,8.318313956260681152e-01,-4.887597858905792236e-01,4.190957844257354736e-01,-6.799945831298828125e-01,5.179843306541442871e-01,-4.637753069400787354e-01,9.957123994827270508e-01,4.768894314765930176e-01,6.902772784233093262e-01,3.304956257343292236e-01,-8.163640499114990234e-01,1.609531641006469727e-01,1.044969819486141205e-02,9.964562654495239258e-01
-6.815618872642517090e-01,9.845866560935974121e-01,3.967455625534057617e-01,-8.448444306850433350e-02,-5.172395110130310059e-01,1.007281914353370667e-01,-4.923115074634552002e-01,-9.274100661277770996e-01,9.995607137680053711e-01,8.200652897357940674e-03,2.461509406566619873e-01,-3.073221147060394287e-01,2.759056985378265381e-01,3.436802029609680176e-01,-3.354893624782562256e-01,9.727817773818969727e-01
-6.769710779190063477e-01,8.924539089202880859e-01,7.344643473625183105e-01,5.257893204689025879e-01,1.998694986104965210e-01,-1.559135317802429199e-01,2.005960419774055481e-02,-8.560435175895690918e-01,9.966913461685180664e-01,5.423464775085449219e-01,3.487434089183807373e-01,8.771866559982299805e-01,-5.849046707153320312e-01,3.306921720504760742e-01,5.863919854164123535e-01,8.612450957298278809e-01
-3.416703939437866211e-01,9.911579489707946777e-01,3.483089804649353027e-01,1.954842954874038696e-01,-2.711125016212463379e-01,6.132034063339233398e-01,-1.400256454944610596e-01,-4.383691847324371338e-01,9.999890923500061035e-01,-4.616740047931671143e-01,3.536335825920104980e-01,-7.890401482582092285e-01,-8.318274021148681641e-01,-5.900421738624572754e-01,2.995184659957885742e-01,9.877715110778808594e-01
3.127440214157104492e-01,9.769923090934753418e-01,7.157477140426635742e-01,9.368759393692016602e-02,-6.741946339607238770e-01,2.847562776878476143e-03,6.719614863395690918e-01,-5.509153008460998535e-02,9.903436899185180664e-01,6.678231954574584961e-01,-4.976474642753601074e-01,5.267474055290222168e-01,-1.272001862525939941e-01,-2.319852858781814575e-01,-7.117992639541625977e-01,9.239510297775268555e-01
-8.070172667503356934e-01,9.825494885444641113e-01,8.563936352729797363e-01,-4.892265498638153076e-01,8.251208662986755371e-01,6.204944849014282227e-01,-1.382272988557815552e-01,5.909958481788635254e-02,9.986392259597778320e-01,5.388619303703308105e-01,9.759784489870071411e-02,5.972105860710144043e-01,5.823408365249633789e-01,3.237836807966232300e-02,-6.538013815879821777e-01,9.850575923919677734e-01
-4.764367341995239258e-01,9.823621511459350586e-01,2.390096187591552734e-01,1.854187436401844025e-02,4.016681015491485596e-01,5.039713978767395020e-01,3.215480446815490723e-01,-6.534482836723327637e-01,9.997891783714294434e-01,-4.241605401039123535e-01,5.389247536659240723e-01,7.935032844543457031e-01,3.850073814392089844e-01,3.456015586853027344e-01,1.767005920410156250e-01,9.870900511741638184e-01
-5.094395875930786133e-01,9.858087301254272461e-01,5.363569408655166626e-02,-7.580783963203430176e-01,-5.081062316894531250e-01,4.134562015533447266e-01,-1.655822694301605225e-01,2.064980864524841309e-01,9.948586821556091309e-01,-4.261330664157867432e-01,2.129158526659011841e-01,8.796815276145935059e-01,-6.124702095985412598e-01,4.309538006782531738e-01,-5.118221640586853027e-01,9.970453381538391113e-01
-5.304363369941711426e-01,9.887817502021789551e-01,4.639334082603454590e-01,1.094882190227508545e-01,-4.960367679595947266e-01,-1.644956916570663452e-01,8.910518954508006573e-04,-5.477227643132209778e-02,9.995524287223815918e-01,1.869459450244903564e-01,-3.183448314666748047e-01,6.807723045349121094e-01,2.476713657379150391e-01,7.402276992797851562e-01,-4.928277730941772461e-01,9.883518815040588379e-01
-5.846480131149291992e-01,9.723979234695434570e-01,5.400750637054443359e-01,6.020290851593017578e-01,3.865887597203254700e-02,-3.630108535289764404e-01,2.866870760917663574e-01,-7.156844139099121094e-01,9.970175623893737793e-01,3.830376267433166504e-01,2.452002763748168945e-01,-4.617317020893096924e-01,-3.255895674228668213e-01,5.496146082878112793e-01,-5.219433307647705078e-01,9.368059039115905762e-01
4.530656337738037109e-01,9.768035411834716797e-01,8.391706347465515137e-01,2.369082570075988770e-01,3.956470787525177002e-01,-8.019835352897644043e-01,6.145325899124145508e-01,-5.227198600769042969e-01,9.931225180625915527e-01,3.306076824665069580e-01,1.538225859403610229e-01,-1.462940573692321777e-01,-2.775942385196685791e-01,4.512634575366973877e-01,-5.897442102432250977e-01,9.744392037391662598e-01
-2.758128941059112549e-02,9.734223484992980957e-01,5.759270191192626953e-01,-2.187011837959289551e-01,9.020386934280395508e-01,-5.163549184799194336e-01,5.329802632331848145e-01,-4.970767796039581299e-01,9.985172748565673828e-01,6.535626053810119629e-01,-4.425399899482727051e-01,2.970498204231262207e-01,7.234834879636764526e-02,-7.631061077117919922e-01,4.447452425956726074e-01,9.373167753219604492e-01
7.927977293729782104e-02,9.960861802101135254e-01,1.745845377445220947e-01,6.019361615180969238e-01,4.744709655642509460e-02,3.269889950752258301e-01,-2.183859944343566895e-01,6.345644593238830566e-01,9.998631477355957031e-01,-7.818920016288757324e-01,1.606043875217437744e-01,-8.495561480522155762e-01,9.058095514774322510e-02,4.267199039459228516e-01,-6.032775640487670898e-01,9.848817586898803711e-01
-3.644217550754547119e-01,9.964883923530578613e-01,-4.017950296401977539e-01,5.384873151779174805e-01,3.474507033824920654e-01,-3.102024644613265991e-02,1.113839820027351379e-01,8.919749855995178223e-01,9.981014728546142578e-01,-5.407952070236206055e-01,-8.394086360931396484e-01,-7.331845164299011230e-02,8.186143040657043457e-01,7.261126637458801270e-01,-5.275499820709228516e-01,9.347253441810607910e-01
-5.513634681701660156e-01,9.946555495262145996e-01,7.957972288131713867e-01,3.982081711292266846e-01,4.673121571540832520e-01,7.869145274162292480e-01,-6.438469886779785156e-01,-3.308015167713165283e-01,9.997276067733764648e-01,-2.105466276407241821e-01,-1.615472733974456787e-01,-4.833476245403289795e-01,-3.028291463851928711e-01,-4.775245189666748047e-01,2.708742916584014893e-01,9.186680316925048828e-01
-5.731892585754394531e-01,9.988793134689331055e-01,-4.089074581861495972e-02,9.072904586791992188e-01,-1.517441272735595703e-01,7.061489224433898926e-01,-3.808430731296539307e-01,5.797662585973739624e-02,9.999719858169555664e-01,-6.875233650207519531e-01,-5.872283577919006348e-01,-3.504039645195007324e-01,1.560688465833663940e-01,4.491479396820068359e-01,-1.355834305286407471e-01,9.290988445281982422e-01
2.093078009784221649e-02,9.936626553535461426e-01,-2.090024203062057495e-01,2.472083568572998047e-01,-1.516659110784530640e-01,-7.175949215888977051e-01,5.887428522109985352e-01,-7.019232511520385742e-01,9.999858736991882324e-01,8.999150991439819336e-02,3.938646614551544189e-01,1.299862265586853027e-01,-4.037596285343170166e-01,7.410109043121337891e-02,8.781408071517944336e-01,9.966624379158020020e-01
-5.140799880027770996e-01,9.789298176765441895e-01,-4.921598136425018311e-01,6.828148961067199707e-01,6.899582147598266602e-01,4.739810526371002197e-01,1.791667342185974121e-01,-6.842327862977981567e-02,9.983174800872802734e-01,-3.097040355205535889e-01,-6.274212002754211426e-01,8.869566321372985840e-01,3.015173673629760742e-01,1.083075031638145447e-01,7.842629551887512207e-01,6.040123105049133301e-01
-5.655638575553894043e-01,9.970513582229614258e-01,7.070018053054809570e-01,4.802846312522888184e-01,8.827403932809829712e-02,2.530409097671508789e-01,-1.274609267711639404e-01,-8.676527142524719238e-01,9.932853579521179199e-01,1.127533242106437683e-02,-8.146013617515563965e-01,8.007448315620422363e-01,-5.114539861679077148e-01,2.992971614003181458e-02,-2.327362596988677979e-01,7.453017830848693848e-01
-4.007721543312072754e-01,9.981331825256347656e-01,8.472973704338073730e-01,-6.806800961494445801e-01,4.782311320304870605e-01,1.123959645628929138e-01,-2.127272933721542358e-01,7.885286211967468262e-01,9.999004602432250977e-01,-8.001681417226791382e-02,4.116183519363403320e-01,3.624861836433410645e-01,1.947558224201202393e-01,5.799123644828796387e-01,-3.890909850597381592e-01,9.995187520980834961e-01
4.871693253517150879e-01,9.955803751945495605e-01,8.851996064186096191e-01,1.541356891393661499e-01,7.497035264968872070e-01,5.896958708763122559e-01,4.485047459602355957e-01,4.987305998802185059e-01,9.999468326568603516e-01,3.872610330581665039e-01,-2.234747558832168579e-01,-2.438846975564956665e-01,-3.930926918983459473e-01,-8.314287066459655762e-01,1.856009513139724731e-01,9.822750687599182129e-01
6.630910038948059082e-01,9.994372725486755371e-01,8.151137828826904297e-01,-5.907573271542787552e-03,-4.186513721942901611e-01,6.951232552528381348e-01,-6.994972229003906250e-01,8.473207354545593262e-01,9.999741315841674805e-01,1.885058172047138214e-02,-2.196892797946929932e-01,-6.497610211372375488e-01,8.466083407402038574e-01,2.072416394948959351e-01,3.199220299720764160e-01,9.951328039169311523e-01
-5.163456201553344727e-01,9.788945317268371582e-01,7.644318938255310059e-01,-8.672972321510314941e-01,-1.000342983752489090e-02,4.366944432258605957e-01,1.859212219715118408e-01,-2.128067910671234131e-01,9.991649985313415527e-01,7.006937265396118164e-01,3.789337873458862305e-01,5.808895230293273926e-01,-4.645206034183502197e-01,-6.748816370964050293e-01,-1.495232284069061279e-01,9.975535273551940918e-01
4.743386209011077881e-01,9.984946250915527344e-01,2.199459373950958252e-01,8.372664451599121094e-01,9.460160881280899048e-02,-3.376281261444091797e-02,5.492175221443176270e-01,-2.266014963388442993e-01,9.999480247497558594e-01,-7.598837018013000488e-01,-4.346024692058563232e-01,1.391429752111434937e-01,-7.868817448616027832e-01,-1.059498861432075500e-01,5.847364068031311035e-01,9.675681591033935547e-01
-6.425858736038208008e-01,9.936786890029907227e-01,-1.895753145217895508e-01,-8.092265129089355469e-01,-2.274524234235286713e-02,-5.610063076019287109e-01,5.635428801178932190e-02,-6.563548445701599121e-01,9.955890774726867676e-01,-2.454901933670043945e-01,-3.705380856990814209e-01,1.784460544586181641e-01,-4.867860972881317139e-01,-2.303017079830169678e-01,-3.454515039920806885e-01,9.944075942039489746e-01
5.043587088584899902e-01,9.370448589324951172e-01,-5.233472585678100586e-01,-2.774800360202789307e-01,1.818631887435913086e-01,3.213641643524169922e-01,8.969557285308837891e-01,-1.717015951871871948e-01,9.963955283164978027e-01,-3.627607226371765137e-01,-1.259730011224746704e-01,6.710772514343261719e-01,3.554437756538391113e-01,-5.408877134323120117e-01,-5.551928281784057617e-01,9.687280654907226562e-01
-3.197983652353286743e-02,7.610277533531188965e-01,-2.744194567203521729e-01,-1.872507780790328979e-01,3.354873061180114746e-01,5.985350012779235840e-01,1.830661445856094360e-01,7.928448170423507690e-02,9.904606938362121582e-01,-4.701818227767944336e-01,4.537612795829772949e-01,3.689855635166168213e-01,-8.133721351623535156e-02,-4.570664167404174805e-01,5.941186547279357910e-01,8.699489235877990723e-01
-3.014685511589050293e-01,8.550310730934143066e-01,-2.243849933147430420e-01,-4.535648226737976074e-01,-2.386072576045989990e-01,4.705862998962402344e-01,2.489220052957534790e-01,-3.246993571519851685e-02,9.947748780250549316e-01,3.995253145694732666e-01,5.191736221313476562e-01,7.251099944114685059e-01,8.443472385406494141e-01,2.246153652667999268e-01,-1.173794865608215332e-01,9.779704809188842773e-01
8.763785958290100098e-01,9.988555908203125000e-01,6.474075317382812500e-01,-2.045808583498001099e-01,-4.922567903995513916e-01,2.228572964668273926e-01,4.631326794624328613e-01,5.199134349822998047e-01,9.999806284904479980e-01,-7.218490540981292725e-02,-7.588749378919601440e-02,2.843875288963317871e-01,6.767649650573730469e-01,-1.583579927682876587e-02,9.671326726675033569e-02,9.982246756553649902e-01
-9.620368480682373047e-01,8.688412308692932129e-01,-4.678151011466979980e-01,-3.578482568264007568e-02,-5.964685678482055664e-01,4.301259517669677734e-01,-1.796417534351348877e-01,-8.431721329689025879e-01,9.978445768356323242e-01,3.498341441154479980e-01,6.502030789852142334e-02,-3.249930441379547119e-01,-3.958734273910522461e-01,-8.185570687055587769e-02,-6.115661859512329102e-01,9.153094887733459473e-01
-4.455416202545166016e-01,9.979999065399169922e-01,5.311382412910461426e-01,-5.321578383445739746e-01,1.054787784814834595e-01,-7.593585252761840820e-01,4.025492072105407715e-01,-5.277878642082214355e-01,9.991947412490844727e-01,1.837599724531173706e-01,-6.949716806411743164e-01,-4.799166619777679443e-01,-7.564823031425476074e-01,-3.724273443222045898e-01,-5.312450528144836426e-01,9.962747693061828613e-01
3.797790408134460449e-01,9.941281080245971680e-01,2.999047636985778809e-01,6.146698594093322754e-01,4.873366355895996094e-01,-6.351940035820007324e-01,3.755129575729370117e-01,-3.209072351455688477e-01,9.988498091697692871e-01,-1.182952150702476501e-01,1.214590221643447876e-01,-7.140118628740310669e-02,-3.214988112449645996e-01,2.961696982383728027e-01,2.200884371995925903e-01,9.821376800537109375e-01
-7.472823262214660645e-01,9.300280213356018066e-01,2.402878133580088615e-03,4.811104536056518555e-01,3.181698918342590332e-01,5.697975754737854004e-01,-5.146389007568359375e-01,-5.836092829704284668e-01,9.976897239685058594e-01,-3.657081723213195801e-01,1.752751767635345459e-01,-1.059314087033271790e-01,-1.251371204853057861e-02,2.143793106079101562e-01,2.027569115161895752e-01,7.179890275001525879e-01
-6.982089281082153320e-01,9.857771396636962891e-01,7.416981458663940430e-01,-6.191721558570861816e-01,-1.131846606731414795e-01,2.006480693817138672e-01,7.282613515853881836e-01,4.011424779891967773e-01,9.999486804008483887e-01,8.306753039360046387e-01,4.106909334659576416e-01,4.539054930210113525e-01,-4.932529330253601074e-01,-5.331212282180786133e-01,-7.974615693092346191e-01,9.993534088134765625e-01
-4.250894188880920410e-01,9.933264851570129395e-01,7.945103049278259277e-01,3.153135478496551514e-01,-5.546704530715942383e-01,6.441140770912170410e-01,4.932503700256347656e-01,3.531671166419982910e-01,9.999748468399047852e-01,7.166698575019836426e-01,-2.768877148628234863e-01,-9.720520675182342529e-02,5.317422747611999512e-02,-4.851046204566955566e-01,-5.929628014564514160e-01,9.901310801506042480e-01
-3.381020724773406982e-01,9.512957334518432617e-01,-7.650765180587768555e-01,6.499743461608886719e-01,6.904566287994384766e-01,3.694892525672912598e-01,6.712836027145385742e-01,-7.083864808082580566e-01,9.992150664329528809e-01,-1.220787018537521362e-01,-2.554713487625122070e-01,-2.825201749801635742e-01,8.975904583930969238e-01,-2.656732201576232910e-01,-3.551679849624633789e-01,7.048290967941284180e-01
-4.138864576816558838e-01,9.881892204284667969e-01,2.702531814575195312e-01,-1.181305199861526489e-01,7.335535287857055664e-01,-6.323447227478027344e-01,-2.570903599262237549e-01,-7.592942714691162109e-01,9.944648742675781250e-01,-6.345221996307373047e-01,2.782007157802581787e-01,-3.454679846763610840e-01,5.483899712562561035e-01,7.222765088081359863e-01,-2.921145558357238770e-01,9.778161048889160156e-01
5.986180305480957031e-01,9.983975291252136230e-01,5.256170630455017090e-01,2.114984691143035889e-01,4.291515946388244629e-01,-6.207811236381530762e-01,2.892316281795501709e-01,7.715010046958923340e-01,9.958625435829162598e-01,-4.190152287483215332e-01,-7.968047261238098145e-01,-8.942011743783950806e-02,-4.378837943077087402e-01,1.030908599495887756e-01,-4.212876558303833008e-01,9.801575541496276855e-01
-6.607618331909179688e-01,9.936072826385498047e-01,-3.624857664108276367e-01,-9.073671698570251465e-01,2.212103009223937988e-01,4.744485914707183838e-01,4.961570203304290771e-01,9.279433488845825195e-01,9.999701976776123047e-01,7.148425579071044922e-01,-2.633528113365173340e-01,-1.143763512372970581e-01,3.496995940804481506e-02,-8.057926297187805176e-01,1.207779869437217712e-01,9.992962479591369629e-01
3.729172796010971069e-02,9.983410835266113281e-01,8.379975557327270508e-01,-3.698125481605529785e-01,-6.617951393127441406e-01,-1.609098315238952637e-01,-4.923065006732940674e-01,-3.053280152380466461e-02,9.990960359573364258e-01,3.859103918075561523e-01,-1.953683197498321533e-01,4.607759714126586914e-01,2.544677853584289551e-01,5.262148976325988770e-01,-1.579881906509399414e-01,9.956783652305603027e-01
-5.455890893936157227e-01,9.920881390571594238e-01,-5.202125012874603271e-02,5.850083231925964355e-01,-2.473606020212173462e-01,-6.310355067253112793e-01,-2.782099246978759766e-01,5.716434717178344727e-01,9.956849813461303711e-01,-2.726246118545532227e-01,-5.838925242424011230e-01,-2.237878590822219849e-01,2.276970632374286652e-02,7.846395969390869141e-01,-1.701248437166213989e-01,9.560079574584960938e-01
-6.799722313880920410e-01,9.863047003746032715e-01,8.736039400100708008e-01,1.905977576971054077e-01,-7.175513505935668945e-01,2.881822884082794189e-01,4.455755054950714111e-01,-7.058941721916198730e-01,9.999866485595703125e-01,9.259184002876281738e-01,3.000583052635192871e-01,6.674654483795166016e-01,-7.455151677131652832e-01,-4.369183182716369629e-01,3.650228381156921387e-01,9.947092533111572266e-01
-5.429023504257202148e-01,9.844209551811218262e-01,-2.226127684116363525e-01,3.703076243400573730e-01,-2.619814872741699219e-02,9.000094980001449585e-02,-3.058919310569763184e-01,2.270946055650711060e-01,9.997453093528747559e-01,1.619140356779098511e-01,6.419073045253753662e-02,-6.721986532211303711e-01,1.060851290822029114e-01,1.547015309333801270e-01,3.602616190910339355e-01,9.783744215965270996e-01
1.375149935483932495e-02,9.930766820907592773e-01,-3.527270853519439697e-01,-7.422133684158325195e-01,2.939982116222381592e-01,5.291597247123718262e-01,1.465628892183303833e-01,-5.800472497940063477e-01,9.985520243644714355e-01,-6.537805795669555664e-01,-1.371507495641708374e-01,7.780624032020568848e-01,8.938758373260498047e-01,-3.244884908199310303e-01,-4.412074014544487000e-02,9.878320693969726562e-01
-2.667561173439025879e-01,9.663563370704650879e-01,-6.226825714111328125e-01,3.312213122844696045e-01,5.878819823265075684e-01,7.105991840362548828e-01,5.899235606193542480e-01,7.542263865470886230e-01,9.999504089355468750e-01,2.156035900115966797e-01,-3.487032949924468994e-01,2.235009372234344482e-01,3.228816688060760498e-01,-7.078882455825805664e-01,5.544095039367675781e-01,9.141641259193420410e-01
-2.849180698394775391e-01,9.977992177009582520e-01,7.249543070793151855e-02,-5.243146419525146484e-01,-3.512571156024932861e-01,-5.784345865249633789e-01,-2.770200604572892189e-03,7.069948315620422363e-01,9.998759627342224121e-01,7.758537530899047852e-01,-4.862475395202636719e-01,-7.338030338287353516e-01,5.559244751930236816e-01,1.827026531100273132e-02,-2.670098245143890381e-01,9.978188276290893555e-01
-1.919130682945251465e-01,9.397987127304077148e-01,6.060130596160888672e-01,1.955084055662155151e-01,1.668643355369567871e-01,5.390706658363342285e-01,4.706502556800842285e-01,-2.110007256269454956e-01,9.994733929634094238e-01,-4.599066376686096191e-01,8.359379172325134277e-01,4.496706724166870117e-01,-8.045226931571960449e-01,-5.018543452024459839e-02,-4.474553167819976807e-01,9.900991320610046387e-01
-1.058218032121658325e-01,9.760215282440185547e-01,-1.822728812694549561e-01,-8.355921506881713867e-01,8.810780644416809082e-01,3.897800445556640625e-01,4.890282452106475830e-01,5.601400136947631836e-01,9.994891881942749023e-01,2.524229288101196289e-01,-1.585213840007781982e-01,3.810467123985290527e-01,3.386656939983367920e-01,-8.352355957031250000e-01,4.629282057285308838e-01,9.907206892967224121e-01
-4.629988372325897217e-01,9.845184683799743652e-01,5.964779257774353027e-01,4.113960862159729004e-01,4.103964194655418396e-02,-3.735736906528472900e-01,3.445822596549987793e-01,1.397025883197784424e-01,9.966399073600769043e-01,8.168077468872070312e-02,-3.919409215450286865e-01,3.835056722164154053e-01,-4.220953881740570068e-01,2.896139025688171387e-01,-8.111767768859863281e-01,9.780551791191101074e-01
2.405795902013778687e-01,9.629876613616943359e-01,3.196489810943603516e-02,5.596964955329895020e-01,8.193645477294921875e-01,-7.722442150115966797e-01,8.639833331108093262e-01,-6.690624952316284180e-01,9.995841383934020996e-01,2.938566207885742188e-01,4.834512472152709961e-01,-7.698493599891662598e-01,-3.312391638755798340e-01,-6.076545715332031250e-01,3.166138380765914917e-02,9.761278033256530762e-01
3.562741875648498535e-01,9.966009259223937988e-01,1.793732643127441406e-01,6.857697367668151855e-01,-6.615601181983947754e-01,-5.704277753829956055e-01,7.189299464225769043e-01,-3.056886494159698486e-01,9.996501207351684570e-01,2.152799814939498901e-01,-6.897137314081192017e-02,-7.945169210433959961e-01,-1.854448616504669189e-01,1.189492270350456238e-01,-3.897490203380584717e-01,9.889143705368041992e-01
-5.380942225456237793e-01,9.917076230049133301e-01,7.410942316055297852e-01,8.147729635238647461e-01,-2.527875602245330811e-01,-7.926871180534362793e-01,3.528010547161102295e-01,-7.706608772277832031e-01,9.937772750854492188e-01,7.271268963813781738e-01,-5.946589112281799316e-01,-2.431306838989257812e-01,-3.351059556007385254e-01,6.289898157119750977e-01,-6.082106232643127441e-01,9.245116710662841797e-01
-6.698765754699707031e-01,9.123364090919494629e-01,-1.802092045545578003e-01,-5.876134335994720459e-02,-2.256967574357986450e-01,-8.924761414527893066e-01,7.115126848220825195e-01,-8.484571576118469238e-01,9.991852641105651855e-01,7.185027003288269043e-01,8.115152120590209961e-01,2.941673994064331055e-01,-4.871729910373687744e-01,4.744853675365447998e-01,1.960250586271286011e-01,9.972097277641296387e-01
6.420709490776062012e-01,9.846250414848327637e-01,6.850570440292358398e-01,-5.256029963493347168e-01,8.361694216728210449e-01,-5.266959667205810547e-01,3.663750290870666504e-01,2.350169867277145386e-01,9.999516606330871582e-01,-4.034883901476860046e-02,6.041978597640991211e-01,-2.611806392669677734e-01,2.720547020435333252e-01,-4.029493331909179688e-01,3.654051423072814941e-01,9.986455440521240234e-01
-8.977191895246505737e-02,9.762569069862365723e-01,2.781954407691955566e-01,-2.290225178003311157e-01,2.293711602687835693e-01,4.277979731559753418e-01,1.409108377993106842e-02,-7.545614242553710938e-01,9.999687671661376953e-01,4.364392459392547607e-01,7.453017234802246094e-01,-1.904926598072052002e-01,8.839126825332641602e-01,-1.731423288583755493e-01,5.527664721012115479e-02,9.914821386337280273e-01
-8.289347290992736816e-01,9.219014644622802734e-01,4.402227997779846191e-01,-6.975570321083068848e-01,5.590677857398986816e-01,2.839083373546600342e-01,4.440267980098724365e-01,-2.525745034217834473e-01,9.831395149230957031e-01,3.630570173263549805e-01,-2.131489515304565430e-01,5.218949317932128906e-01,-1.254712343215942383e-01,-5.294865965843200684e-01,-7.361701726913452148e-01,9.652692675590515137e-01
-8.303810954093933105e-01,9.841285943984985352e-01,4.411005675792694092e-01,-3.174087107181549072e-01,6.933237910270690918e-01,7.678314447402954102e-01,-7.740926146507263184e-01,-1.910019218921661377e-01,9.998360872268676758e-01,-2.405979111790657043e-02,2.363893538713455200e-01,3.736082091927528381e-02,7.155212759971618652e-01,-1.077995896339416504e-01,1.744146645069122314e-01,9.678739905357360840e-01
-3.251302614808082581e-02,9.985736608505249023e-01,8.989992141723632812e-01,-4.781995117664337158e-01,3.866542875766754150e-01,5.851175189018249512e-01,-2.280247062444686890e-01,4.213299453258514404e-01,9.996089935302734375e-01,3.590174391865730286e-02,-7.020267844200134277e-01,1.895617991685867310e-01,-3.473472893238067627e-01,-5.030146837234497070e-01,-4.890442490577697754e-01,9.881970286369323730e-01
-8.440922498703002930e-01,9.555353522300720215e-01,-1.920172423124313354e-01,-3.270729482173919678e-01,-5.927972197532653809e-01,9.084773659706115723e-01,5.892503857612609863e-01,-9.356001764535903931e-02,9.999621510505676270e-01,7.129659056663513184e-01,2.905405461788177490e-01,3.680224344134330750e-02,6.085088253021240234e-01,-6.628595590591430664e-01,-7.517768144607543945e-01,9.913464188575744629e-01
-6.856473684310913086e-01,9.787124991416931152e-01,-7.884471416473388672e-01,5.146696567535400391e-01,-9.698299318552017212e-02,7.757012844085693359e-01,-1.040704399347305298e-01,-7.089556455612182617e-01,9.999352097511291504e-01,4.994085729122161865e-01,-1.998180150985717773e-01,1.947204321622848511e-01,8.873705267906188965e-01,-4.016841053962707520e-01,8.048565983772277832e-01,7.256000638008117676e-01
-6.466448307037353516e-01,9.734505414962768555e-01,-4.772321134805679321e-02,-9.034430980682373047e-02,5.301000550389289856e-02,-2.829532325267791748e-01,-3.189132809638977051e-01,3.381851315498352051e-01,9.627275466918945312e-01,-5.617926716804504395e-01,-2.949125468730926514e-01,-3.183530867099761963e-01,-2.843259572982788086e-01,6.084055304527282715e-01,-3.630257546901702881e-01,9.344406723976135254e-01
7.223715782165527344e-01,9.933496713638305664e-01,2.907366156578063965e-01,1.389372646808624268e-01,-4.936517477035522461e-01,2.904091179370880127e-01,3.618176579475402832e-01,1.995656192302703857e-01,9.994744658470153809e-01,-2.593484818935394287e-01,-3.065803647041320801e-01,7.791591286659240723e-01,2.398489415645599365e-01,-1.908611953258514404e-01,2.588851451873779297e-01,9.809493422508239746e-01
3.646887540817260742e-01,9.996046423912048340e-01,9.445016384124755859e-01,-3.481776118278503418e-01,-7.578812539577484131e-02,2.188953757286071777e-01,-6.403636336326599121e-01,1.634428650140762329e-01,9.999854564666748047e-01,4.860574305057525635e-01,-1.297598984092473984e-02,-4.833999872207641602e-01,-2.220093505457043648e-03,1.060587614774703979e-01,1.076313108205795288e-01,9.987128973007202148e-01
3.677113056182861328e-01,9.960497617721557617e-01,6.263659596443176270e-01,4.030015170574188232e-01,-5.060424804687500000e-01,-8.891596198081970215e-01,8.208534717559814453e-01,-3.336689174175262451e-01,9.999439120292663574e-01,5.982285141944885254e-01,3.505058884620666504e-01,2.197483032941818237e-01,-7.378790378570556641e-01,3.595567047595977783e-01,2.075402252376079559e-02,9.990836977958679199e-01
-4.495190083980560303e-01,9.653278589248657227e-01,-1.938563585281372070e-01,5.816153883934020996e-01,-7.208085656166076660e-01,1.935438513755798340e-01,3.387297987937927246e-01,7.201362848281860352e-01,9.997016191482543945e-01,7.939395904541015625e-01,-4.600646346807479858e-02,-4.849239438772201538e-02,-2.367988526821136475e-01,4.060966148972511292e-02,3.917490839958190918e-01,9.708184003829956055e-01
1.694349944591522217e-01,9.937327504158020020e-01,5.945193767547607422e-01,5.770431160926818848e-01,1.979855000972747803e-01,-3.680415824055671692e-02,-6.882273554801940918e-01,-6.620365977287292480e-01,9.915529489517211914e-01,-7.124678492546081543e-01,3.481191024184226990e-02,3.669983148574829102e-01,3.570987880229949951e-01,8.284381031990051270e-01,-2.409804165363311768e-01,8.998694419860839844e-01
1.099936664104461670e-01,9.899255037307739258e-01,5.673058032989501953e-01,3.110005259513854980e-01,-1.343633979558944702e-01,7.365964055061340332e-01,5.583371520042419434e-01,-3.053246140480041504e-01,9.999920725822448730e-01,1.158421412110328674e-01,6.780448555946350098e-01,6.726905703544616699e-01,-2.947393059730529785e-01,-4.631400406360626221e-01,-3.898016735911369324e-02,9.960466623306274414e-01
1.792653799057006836e-01,9.217123389244079590e-01,1.129007413983345032e-01,8.832305669784545898e-02,3.671583235263824463e-01,-3.301720917224884033e-01,7.410362362861633301e-01,4.413301497697830200e-02,9.962185025215148926e-01,4.665318131446838379e-02,2.213111221790313721e-01,6.344938278198242188e-01,5.528861880302429199e-01,1.338276565074920654e-01,-3.203702569007873535e-01,9.734709262847900391e-01
-4.392663538455963135e-01,9.267052412033081055e-01,4.056780040264129639e-02,-6.332118511199951172e-01,8.729119896888732910e-01,4.067265987396240234e-01,8.894431591033935547e-02,-2.437034398317337036e-01,9.961882233619689941e-01,1.690340042114257812e-01,-4.701633453369140625e-01,-1.812806874513626099e-01,7.219749093055725098e-01,-7.724786996841430664e-01,1.614419221878051758e-01,8.526063561439514160e-01
-4.549815356731414795e-01,9.618005156517028809e-01,-1.515086591243743896e-01,-7.597366571426391602e-01,-8.776980638504028320e-01,-5.147157907485961914e-01,1.944653242826461792e-01,2.512480318546295166e-01,9.991591572761535645e-01,7.903074622154235840e-01,3.956202864646911621e-01,-2.980753779411315918e-02,1.560921519994735718e-01,1.847959309816360474e-01,2.732551693916320801e-01,9.976652264595031738e-01
5.400933027267456055e-01,9.893090128898620605e-01,4.868670552968978882e-02,5.819052923470735550e-03,6.088120937347412109e-01,5.153299570083618164e-01,3.922969400882720947e-01,-8.249404430389404297e-01,9.997155070304870605e-01,-2.231772243976593018e-01,-1.220618635416030884e-01,1.779047697782516479e-01,7.229847908020019531e-01,-6.918216347694396973e-01,4.430725574493408203e-01,9.262534379959106445e-01
-3.640002608299255371e-01,9.465330243110656738e-01,5.502296239137649536e-02,-2.629645466804504395e-01,1.967750787734985352e-01,-7.108168005943298340e-01,1.390724033117294312e-01,3.987457752227783203e-01,9.818912148475646973e-01,7.722859829664230347e-02,2.849376201629638672e-01,5.150437355041503906e-01,3.995275497436523438e-01,8.161065578460693359e-01,-1.498015820980072021e-01,9.902477264404296875e-01
-6.010493636131286621e-01,9.819447398185729980e-01,3.207334876060485840e-01,3.851771950721740723e-01,-1.412888914346694946e-01,3.290070891380310059e-01,3.352761268615722656e-01,5.052622556686401367e-01,9.963996410369873047e-01,-1.333443820476531982e-01,-5.013309121131896973e-01,3.034128844738006592e-01,-4.943808019161224365e-01,-1.084810122847557068e-01,-5.975918173789978027e-01,9.526059031486511230e-01
2.828876078128814697e-01,9.908254146575927734e-01,-7.109549045562744141e-01,5.749686956405639648e-01,-8.060430884361267090e-01,3.108106553554534912e-01,5.036153793334960938e-01,-1.136060990393161774e-02,9.998368024826049805e-01,-4.111384451389312744e-01,1.500299125909805298e-01,-1.295823901891708374e-01,8.016858100891113281e-01,3.602156341075897217e-01,-2.106091976165771484e-01,9.836146235466003418e-01
-5.812857151031494141e-01,9.330028295516967773e-01,-8.159154653549194336e-01,-6.057469248771667480e-01,-9.074623882770538330e-02,2.581272721290588379e-01,5.933811068534851074e-01,5.710964202880859375e-01,9.984526634216308594e-01,-3.237815499305725098e-01,-5.412165448069572449e-02,6.903742253780364990e-02,-1.954631954431533813e-01,-6.402413249015808105e-01,-6.599075347185134888e-02,9.868386387825012207e-01
-7.980890870094299316e-01,7.519747614860534668e-01,3.047446012496948242e-01,2.846559882164001465e-01,8.592013120651245117e-01,6.863344907760620117e-01,-3.388840258121490479e-01,-6.689481735229492188e-01,9.782563447952270508e-01,-4.451017677783966064e-01,3.001330792903900146e-01,5.638468861579895020e-01,6.967338323593139648e-01,2.031624466180801392e-01,-1.358174234628677368e-01,4.934410750865936279e-01
-1.258861869573593140e-01,9.936907291412353516e-01,8.162608742713928223e-01,-5.017582178115844727e-01,7.301118373870849609e-01,-1.292468607425689697e-01,1.911034733057022095e-01,5.822147801518440247e-02,9.999731183052062988e-01,7.796729207038879395e-01,4.045424461364746094e-01,-9.193077087402343750e-01,2.388889193534851074e-01,-6.652311682701110840e-01,-5.039619803428649902e-01,9.976563453674316406e-01
